First Name,Last Name,Birth Date
Robin,Calderon,1977-06-12
David,Hunter,1983-08-01
Craig,Hart,1991-12-13
Stephen,Beltran,1978-09-16
Stacy,Smith,1968-02-10
Charles,Nicholson,1965-12-27
Joshua,Durham,1955-03-22
Barbara,Lopez,1976-09-26
Karen,Simmons,1986-06-19
Victor,Hahn,1989-05-08
Alexander,Turner,1978-08-23
William,Miller,1958-02-27
Daniel,Wilson,1978-08-17
Jade,Tate,1961-10-12
Jeffrey,Guerra,1967-02-17
Julia,Flores,1989-01-19
Donna,Bailey,1980-11-20
Ann,Kelly,1988-06-30
Paula,Pitts,1977-11-15
Lisa,Savage,1981-04-13
